Italian Verbs,English Verbs,,,
;language:;Italian;;;;;;;;;;;;;;;;;;;;;;;,,,,
;corpus:;Italian Web 2016;;;;;;;;;;;;;;;;;;;;;;;,,,,
;word form;frequence;;;;;;;;;;;;;;;;;;;;;;;,,,,
1;essere;1001705;1;;;;;;;;;;;;;;;;;;;;;;,to be,,,
2;potere;283651;0,to be able to,,, 
3;fare;258628;0,to make,,,
4;avere;209925;0,to have,,,
5;dovere;141344;0,must,,,
6;dire;104811;0,to say,,,
7;volere;85329;0,to want,,,
8;trovare;80705;0,to find,,,
9;andare;77712;0,to go,,,
10;dare;74148;0,to give,,,
11;stare;64034;0,to stay,,,
12;vedere;61745;0,to see,,,
13;sapere;56884;0,to know,,,
14;mettere;50145;0,to put,,,
15;utilizzare;47147;0,to use,,,
16;portare;45399;0,to bring,,,
17;presentare;44320;0,to present,,,
18;tenere;39555;0,to keep,,,
19;prendere;38939;0,to take,,,
20;parlare;37940;0,to speak,,,
21;scrivere;37829;0,to write,,,
22;realizzare;37615;0,to realize,,,
23;offrire;37314;0,to offer,,,
24;pensare;36329;0,to think,,,
25;rendere;35579;0,to give,,,
26;leggere;35186;0,to read,,,
27;arrivare;35169;0,to arrive,,,
28;seguire;33085;0,to follow,,,
29;cercare;32659;0,to seek,,,
30;lasciare;32087;0,to leave,,,
31;permettere;32034;0,to allow,,,
32;trattare;31979;0,to deal,,,
33;diventare;31786;0,to become,,,
34;conoscere;31396;0,to know,,,
35;creare;30933;0,to believe,,,
36;vivere;30932;0,to live,,,
37;continuare;30727;0,to continue,,,
38;svolgere;30652;0,to carry out,,,
39;venire;30637;0,to come,,,
40;dedicare;29846;0,to dedicate,,,
41;passare;29528;0,to pass,,,
42;riuscire;29458;0,to be able to,,,
43;chiedere;29372;0,,,,
44;usare;28339;0,,,,
45;sentire;28221;0,,,,
46;nascere;28133;0,,,,
47;aprire;27382;0,,,,
48;sembrare;27364;0,,,,
49;ricordare;26939;0,,,,
50;consentire;26882;0,,,,
51;ottenere;26564;0,,,,
52;pubblicare;26053;0,,,,
53;fornire;25597;0,,,,
54;effettuare;25533;0,,,,
55;richiedere;25331;0,,,,
56;proporre;25097;0,,,,
57;rappresentare;25086;0,,,,
58;chiamare;24590;0,,,,
59;partire;24227;0,,,,
60;scegliere;24014;0,,,,
61;iniziare;23975;0,,,,
62;raggiungere;23945;0,,,,
63;considerare;23808;0,,,,
64;organizzare;23763;0,,,,
65;inserire;22436;0,,,,
66;riguardare;22061;0,,,,
67;costituire;21906;0,,,,
68;credere;21776;0,,,,
69;ricevere;21410;0,,,,
70;partecipare;21298;0,,,,
71;comprendere;21174;0,,,,
72;entrare;21151;0,,,,
73;contenere;20854;0,,,,
74;porre;20361;0,,,,
75;aggiungere;20329;0,,,,
76;lavorare;20295;0,,,,
77;capire;20160;0,,,,
78;garantire;19960;0,,,,
79;tornare;19689;0,,,,
80;rimanere;19370;0,,,,
81;esistere;19314;0,,,,
82;servire;19267;0,,,,
83;produrre;18988;0,,,,
84;decidere;18835;0,,,,
85;scoprire;18538;0,,,,
86;inviare;18328;0,,,,
87;indicare;18100;0,,,,
88;avvenire;17781;0,,,,
89;guardare;17624;0,,,,
90;definire;17280;0,,,,
91;restare;17217;0,,,,
92;costruire;16996;0,,,,
93;rispondere;16995;0,,,,
94;comporre;16994;0,,,,
95;cambiare;16725;0,,,,
96;perdere;16504;0,,,,
97;aiutare;16283;0,,,,
98;ritenere;16203;0,,,,
99;intendere;16179;0,,,,
100;uscire;16143;0,,,,
101;prevedere;16044;0,,,,
102;rivolgere;15936;0,,,,
103;provare;15796;0,,,,
104;risultare;15586;0,,,,
105;riconoscere;15439;0,,,,
106;sostenere;15378;0,,,,
107;raccogliere;15356;0,,,,
108;promuovere;15266;0,,,,
109;disporre;15053;0,,,,
110;riportare;14778;0,,,,
111;occupare;14325;0,,,,
112;amare;14178;0,,,,
113;sviluppare;14143;0,,,,
114;raccontare;14089;0,,,,
115;esprimere;14084;0,,,,
116;bastare;13925;0,,,,
117;cominciare;13850;0,,,,
118;gestire;13804;0,,,,
119;mostrare;13778;0,,,,
120;finire;13756;0,,,,
121;spiegare;13749;0,,,,
122;ridurre;13700;0,,,,
123;applicare;13418;0,,,,
124;mantenere;13398;0,,,,
125;evitare;13295;0,,,,
126;registrare;13162;0,,,,
127;stabilire;12956;0,,,,
128;assumere;12857;0,,,,
129;dimostrare;12795;0,,,,
130;affrontare;12627;0,,,,
131;coinvolgere;12448;0,,,,
132;morire;12444;0,,,,
133;chiudere;12423;0,,,,
134;acquistare;12301;0,,,,
135;cliccare;12178;0,,,,
136;preparare;12076;0,,,,
137;mancare;12063;0,,,,
138;iscrivere;12051;0,,,,
139;accompagnare;12034;0,,,,
140;incontrare;12023;0,,,,
141;condurre;11891;0,,,,
142;operare;11869;0,,,,
143;superare;11854;0,,,,
144;eseguire;11825;0,,,,
145;piacere;11805;0,,,,
146;giungere;11701;0,,,,
147;bisognare;11686;0,,,,
148;comunicare;11664;0,,,,
149;apparire;11654;0,,,,
150;aspettare;11532;0,,,,
151;pagare;11438;0,,,,
152;formare;11437;0,,,,
153;interessare;11276;0,,,,
154;proseguire;11225;0,,,,
155;provenire;11134;0,,,,
156;giocare;11122;0,,,,
157;dotare;11091;0,,,,
158;migliorare;11062;0,,,,
159;destinare;11058;0,,,,
160;condividere;11044;0,,,,
161;aumentare;11020;0,,,,
162;ospitare;10985;0,,,,
163;verificare;10735;0,,,,
164;significare;10715;0,,,,
165;derivare;10703;0,,,,
166;accettare;10676;0,,,,
167;concludere;10641;0,,,,
168;visitare;10636;0,,,,
169;vincere;10571;0,,,,
170;crescere;10529;0,,,,
171;affermare;10514;0,,,,
172;caratterizzare;10483;0,,,,
173;impegnare;10325;0,,,,
174;sperare;9910;0,,,,
175;individuare;9893;0,,,,
176;assicurare;9881;0,,,,
177;osservare;9861;0,,,,
178;modificare;9834;0,,,,
179;trasformare;9799;0,,,,
180;dichiarare;9785;0,,,,
181;studiare;9668;0,,,,
182;collegare;9658;0,,,,
183;invitare;9613;0,,,,
184;determinare;9595;0,,,,
185;guidare;9565;0,,,,
186;contattare;9560;0,,,,
187;adottare;9558;0,,,,
188;confermare;9509;0,,,,
189;basare;9468;0,,,,
190;fermare;9454;0,,,,
191;salire;9446;0,,,,
192;accedere;9401;0,,,,
193;desiderare;9339;0,,,,
194;ritrovare;9314;0,,,,
195;conservare;9264;0,,,,
196;legare;9142;0,,,,
197;consigliare;9123;0,,,,
198;vendere;9100;0,,,,
199;valere;9058;0,,,,
200;riferire;8991;0,,,,
;;;0;;;;;;;;;;;;;;;;;;;;;;,,,,
;;;;;;;;;;;;;;;;;;;;;;;;;,,,,
;;;;;;;;;;;;;;;;;;;;;;;;;,,,,
;;;;;;;;;;;;;;;;;;;;;;;;;,,,,
;;;;;;;;;;;;;;;;;;;;;;;;;,,,,
;;;;;;;;;;;;;;;;;;;;;;;;;,,,,
;;;;;;;;;;;;;;;;;;;;;;;;;,,,,
;;;;;;;;;;;;;;;;;;;;;;;;;,,,,
;;;;;;;;;;;;;;;;;;;;;;;;;,,,,
;;;;;;;;;;;;;;;;;;;;;;;;;,,,,
;;;;;;;;;;;;;;;;;;;;;;;;;,,,,
;;;;;;;;;;;;;;;;;;;;;;;;;,,,,
;;;;;;;;;;;;;;;;;;;;;;;;;,,,,
;;;;;;;;;;;;;;;;;;;;;;;;;,,,,
;;;;;;;;;;;;;;;;;;;;;;;;;,,,,
;;;;;;;;;;;;;;;;;;;;;;;;;,,,,
;;;;;;;;;;;;;;;;;;;;;;;;;,,,,
;;;;;;;;;;;;;;;;;;;;;;;;;,,,,
;;;;;;;;;;;;;;;;;;;;;;;;;,,,,
;;;;;;;;;;;;;;;;;;;;;;;;;,,,,
;;;;;;;;;;;;;;;;;;;;;;;;;,,,,
;;;;;;;;;;;;;;;;;;;;;;;;;,,,,
;;;;;;;;;;;;;;;;;;;;;;;;;,,,,
;;;;;;;;;;;;;;;;;;;;;;;;;,,,,
;;;;;;;;;;;;;;;;;;;;;;;;;,,,,
;;;;;;;;;;;;;;;;;;;;;;;;;,,,,
;;;;;;;;;;;;;;;;;;;;;;;;;,,,,
;;;;;;;;;;;;;;;;;;;;;;;;;,,,,
;;;;;;;;;;;;;;;;;;;;;;;;;,,,,
;;;;;;;;;;;;;;;;;;;;;;;;;,,,,
;;;;;;;;;;;;;;;;;;;;;;;;;,,,,
;;;;;;;;;;;;;;;;;;;;;;;;;,,,,
;;;;;;;;;;;;;;;;;;;;;;;;;,,,,
;;;;;;;;;;;;;;;;;;;;;;;;;,,,,
;;;;;;;;;;;;;;;;;;;;;;;;;,,,,
;;;;;;;;;;;;;;;;;;;;;;;;;,,,,
;;;;;;;;;;;;;;;;;;;;;;;;;,,,,
;;;;;;;;;;;;;;;;;;;;;;;;;,,,,
;;;;;;;;;;;;;;;;;;;;;;;;;,,,,
;;;;;;;;;;;;;;;;;;;;;;;;;,,,,
;;;;;;;;;;;;;;;;;;;;;;;;;,,,,
;;;;;;;;;;;;;;;;;;;;;;;;;,,,,
;;;;;;;;;;;;;;;;;;;;;;;;;,,,,
;;;;;;;;;;;;;;;;;;;;;;;;;,,,,
;;;;;;;;;;;;;;;;;;;;;;;;;,,,,
;;;;;;;;;;;;;;;;;;;;;;;;;,,,,
;;;;;;;;;;;;;;;;;;;;;;;;;,,,,
;;;;;;;;;;;;;;;;;;;;;;;;;,,,,
;;;;;;;;;;;;;;;;;;;;;;;;;,,,,
;;;;;;;;;;;;;;;;;;;;;;;;;,,,,
;;;;;;;;;;;;;;;;;;;;;;;;;,,,,
;;;;;;;;;;;;;;;;;;;;;;;;;,,,,
;;;;;;;;;;;;;;;;;;;;;;;;;,,,,
;;;;;;;;;;;;;;;;;;;;;;;;;,,,,
;;;;;;;;;;;;;;;;;;;;;;;;;,,,,
;;;;;;;;;;;;;;;;;;;;;;;;;,,,,
;;;;;;;;;;;;;;;;;;;;;;;;;,,,,
;;;;;;;;;;;;;;;;;;;;;;;;;,,,,
;;;;;;;;;;;;;;;;;;;;;;;;;,,,,
;;;;;;;;;;;;;;;;;;;;;;;;;,,,,
;;;;;;;;;;;;;;;;;;;;;;;;;,,,,
;;;;;;;;;;;;;;;;;;;;;;;;;,,,,
;;;;;;;;;;;;;;;;;;;;;;;;;,,,,
;;;;;;;;;;;;;;;;;;;;;;;;;,,,,
;;;;;;;;;;;;;;;;;;;;;;;;;,,,,
;;;;;;;;;;;;;;;;;;;;;;;;;,,,,
;;;;;;;;;;;;;;;;;;;;;;;;;,,,,
;;;;;;;;;;;;;;;;;;;;;;;;;,,,,
;;;;;;;;;;;;;;;;;;;;;;;;;,,,,
;;;;;;;;;;;;;;;;;;;;;;;;;,,,,
;;;;;;;;;;;;;;;;;;;;;;;;;,,,,
;;;;;;;;;;;;;;;;;;;;;;;;;,,,,
;;;;;;;;;;;;;;;;;;;;;;;;;,,,,
;;;;;;;;;;;;;;;;;;;;;;;;;,,,,
;;;;;;;;;;;;;;;;;;;;;;;;;,,,,
;;;;;;;;;;;;;;;;;;;;;;;;;,,,,
;;;;;;;;;;;;;;;;;;;;;;;;;,,,,
;;;;;;;;;;;;;;;;;;;;;;;;;,,,,
;;;;;;;;;;;;;;;;;;;;;;;;;,,,,
;;;;;;;;;;;;;;;;;;;;;;;;;,,,,
;;;;;;;;;;;;;;;;;;;;;;;;;,,,,
;;;;;;;;;;;;;;;;;;;;;;;;;,,,,
;;;;;;;;;;;;;;;;;;;;;;;;;,,,,
;;;;;;;;;;;;;;;;;;;;;;;;;,,,,
;;;;;;;;;;;;;;;;;;;;;;;;;,,,,
;;;;;;;;;;;;;;;;;;;;;;;;;,,,,
;;;;;;;;;;;;;;;;;;;;;;;;;,,,,
;;;;;;;;;;;;;;;;;;;;;;;;;,,,,
;;;;;;;;;;;;;;;;;;;;;;;;;,,,,
;;;;;;;;;;;;;;;;;;;;;;;;;,,,,
;;;;;;;;;;;;;;;;;;;;;;;;;,,,,
;;;;;;;;;;;;;;;;;;;;;;;;;,,,,
;;;;;;;;;;;;;;;;;;;;;;;;;,,,,
;;;;;;;;;;;;;;;;;;;;;;;;;,,,,
;;;;;;;;;;;;;;;;;;;;;;;;;,,,,
;;;;;;;;;;;;;;;;;;;;;;;;;,,,,
;;;;;;;;;;;;;;;;;;;;;;;;;,,,,
;;;;;;;;;;;;;;;;;;;;;;;;;,,,,
;;;;;;;;;;;;;;;;;;;;;;;;;,,,,
;;;;;;;;;;;;;;;;;;;;;;;;;,,,,
;;;;;;;;;;;;;;;;;;;;;;;;;,,,,
;;;;;;;;;;;;;;;;;;;;;;;;;,,,,
;;;;;;;;;;;;;;;;;;;;;;;;;,,,,
;;;;;;;;;;;;;;;;;;;;;;;;;,,,,
;;;;;;;;;;;;;;;;;;;;;;;;;,,,,
;;;;;;;;;;;;;;;;;;;;;;;;;,,,,
;;;;;;;;;;;;;;;;;;;;;;;;;,,,,
;;;;;;;;;;;;;;;;;;;;;;;;;,,,,
;;;;;;;;;;;;;;;;;;;;;;;;;,,,,
;;;;;;;;;;;;;;;;;;;;;;;;;,,,,
;;;;;;;;;;;;;;;;;;;;;;;;;,,,,
;;;;;;;;;;;;;;;;;;;;;;;;;,,,,
;;;;;;;;;;;;;;;;;;;;;;;;;,,,,
;;;;;;;;;;;;;;;;;;;;;;;;;,,,,
;;;;;;;;;;;;;;;;;;;;;;;;;,,,,
;;;;;;;;;;;;;;;;;;;;;;;;;,,,,
;;;;;;;;;;;;;;;;;;;;;;;;;,,,,
;;;;;;;;;;;;;;;;;;;;;;;;;,,,,
;;;;;;;;;;;;;;;;;;;;;;;;;,,,,
;;;;;;;;;;;;;;;;;;;;;;;;;,,,,
;;;;;;;;;;;;;;;;;;;;;;;;;,,,,
;;;;;;;;;;;;;;;;;;;;;;;;;,,,,
;;;;;;;;;;;;;;;;;;;;;;;;;,,,,
;;;;;;;;;;;;;;;;;;;;;;;;;,,,,
;;;;;;;;;;;;;;;;;;;;;;;;;,,,,
;;;;;;;;;;;;;;;;;;;;;;;;;,,,,
;;;;;;;;;;;;;;;;;;;;;;;;;,,,,
;;;;;;;;;;;;;;;;;;;;;;;;;,,,,
;;;;;;;;;;;;;;;;;;;;;;;;;,,,,
;;;;;;;;;;;;;;;;;;;;;;;;;,,,,
;;;;;;;;;;;;;;;;;;;;;;;;;,,,,
;;;;;;;;;;;;;;;;;;;;;;;;;,,,,
;;;;;;;;;;;;;;;;;;;;;;;;;,,,,
;;;;;;;;;;;;;;;;;;;;;;;;;,,,,
;;;;;;;;;;;;;;;;;;;;;;;;;,,,,
;;;;;;;;;;;;;;;;;;;;;;;;;,,,,
;;;;;;;;;;;;;;;;;;;;;;;;;,,,,
;;;;;;;;;;;;;;;;;;;;;;;;;,,,,
;;;;;;;;;;;;;;;;;;;;;;;;;,,,,
;;;;;;;;;;;;;;;;;;;;;;;;;,,,,
;;;;;;;;;;;;;;;;;;;;;;;;;,,,,
;;;;;;;;;;;;;;;;;;;;;;;;;,,,,
;;;;;;;;;;;;;;;;;;;;;;;;;,,,,
;;;;;;;;;;;;;;;;;;;;;;;;;,,,,
;;;;;;;;;;;;;;;;;;;;;;;;;,,,,
;;;;;;;;;;;;;;;;;;;;;;;;;,,,,
;;;;;;;;;;;;;;;;;;;;;;;;;,,,,
;;;;;;;;;;;;;;;;;;;;;;;;;,,,,
;;;;;;;;;;;;;;;;;;;;;;;;;,,,,
;;;;;;;;;;;;;;;;;;;;;;;;;,,,,
;;;;;;;;;;;;;;;;;;;;;;;;;,,,,
;;;;;;;;;;;;;;;;;;;;;;;;;,,,,
;;;;;;;;;;;;;;;;;;;;;;;;;,,,,
;;;;;;;;;;;;;;;;;;;;;;;;;,,,,
;;;;;;;;;;;;;;;;;;;;;;;;;,,,,
;;;;;;;;;;;;;;;;;;;;;;;;;,,,,
;;;;;;;;;;;;;;;;;;;;;;;;;,,,,
;;;;;;;;;;;;;;;;;;;;;;;;;,,,,
;;;;;;;;;;;;;;;;;;;;;;;;;,,,,
;;;;;;;;;;;;;;;;;;;;;;;;;,,,,
;;;;;;;;;;;;;;;;;;;;;;;;;,,,,
;;;;;;;;;;;;;;;;;;;;;;;;;,,,,
;;;;;;;;;;;;;;;;;;;;;;;;;,,,,
;;;;;;;;;;;;;;;;;;;;;;;;;,,,,
;;;;;;;;;;;;;;;;;;;;;;;;;,,,,
;;;;;;;;;;;;;;;;;;;;;;;;;,,,,
;;;;;;;;;;;;;;;;;;;;;;;;;,,,,
;;;;;;;;;;;;;;;;;;;;;;;;;,,,,
;;;;;;;;;;;;;;;;;;;;;;;;;,,,,
;;;;;;;;;;;;;;;;;;;;;;;;;,,,,
;;;;;;;;;;;;;;;;;;;;;;;;;,,,,
;;;;;;;;;;;;;;;;;;;;;;;;;,,,,
;;;;;;;;;;;;;;;;;;;;;;;;;,,,,
;;;;;;;;;;;;;;;;;;;;;;;;;,,,,
;;;;;;;;;;;;;;;;;;;;;;;;;,,,,
;;;;;;;;;;;;;;;;;;;;;;;;;,,,,
;;;;;;;;;;;;;;;;;;;;;;;;;,,,,
;;;;;;;;;;;;;;;;;;;;;;;;;,,,,
;;;;;;;;;;;;;;;;;;;;;;;;;,,,,
;;;;;;;;;;;;;;;;;;;;;;;;;,,,,
;;;;;;;;;;;;;;;;;;;;;;;;;,,,,
;;;;;;;;;;;;;;;;;;;;;;;;;,,,,
;;;;;;;;;;;;;;;;;;;;;;;;;,,,,
;;;;;;;;;;;;;;;;;;;;;;;;;,,,,
;;;;;;;;;;;;;;;;;;;;;;;;;,,,,
;;;;;;;;;;;;;;;;;;;;;;;;;,,,,
;;;;;;;;;;;;;;;;;;;;;;;;;,,,,
;;;;;;;;;;;;;;;;;;;;;;;;;,,,,
;;;;;;;;;;;;;;;;;;;;;;;;;,,,,
;;;;;;;;;;;;;;;;;;;;;;;;;,,,,
;;;;;;;;;;;;;;;;;;;;;;;;;,,,,
;;;;;;;;;;;;;;;;;;;;;;;;;,,,,
;;;;;;;;;;;;;;;;;;;;;;;;;,,,,
;;;;;;;;;;;;;;;;;;;;;;;;;,,,,
;;;;;;;;;;;;;;;;;;;;;;;;;,,,,
;;;;;;;;;;;;;;;;;;;;;;;;;,,,,
;;;;;;;;;;;;;;;;;;;;;;;;;,,,,
;;;;;;;;;;;;;;;;;;;;;;;;;,,,,
;;;;;;;;;;;;;;;;;;;;;;;;;,,,,
;;;;;;;;;;;;;;;;;;;;;;;;;,,,,
;;;;;;;;;;;;;;;;;;;;;;;;;,,,,
;;;;;;;;;;;;;;;;;;;;;;;;;,,,,
;;;;;;;;;;;;;;;;;;;;;;;;;,,,,
;;;;;;;;;;;;;;;;;;;;;;;;;,,,,
;;;;;;;;;;;;;;;;;;;;;;;;;,,,,
;;;;;;;;;;;;;;;;;;;;;;;;;,,,,
;;;;;;;;;;;;;;;;;;;;;;;;;,,,,
;;;;;;;;;;;;;;;;;;;;;;;;;,,,,
;;;;;;;;;;;;;;;;;;;;;;;;;,,,,
;;;;;;;;;;;;;;;;;;;;;;;;;,,,,
;;;;;;;;;;;;;;;;;;;;;;;;;,,,,
;;;;;;;;;;;;;;;;;;;;;;;;;,,,,
;;;;;;;;;;;;;;;;;;;;;;;;;,,,,
;;;;;;;;;;;;;;;;;;;;;;;;;,,,,
;;;;;;;;;;;;;;;;;;;;;;;;;,,,,
;;;;;;;;;;;;;;;;;;;;;;;;;,,,,
;;;;;;;;;;;;;;;;;;;;;;;;;,,,,
;;;;;;;;;;;;;;;;;;;;;;;;;,,,,
;;;;;;;;;;;;;;;;;;;;;;;;;,,,,
;;;;;;;;;;;;;;;;;;;;;;;;;,,,,
;;;;;;;;;;;;;;;;;;;;;;;;;,,,,
;;;;;;;;;;;;;;;;;;;;;;;;;,,,,
;;;;;;;;;;;;;;;;;;;;;;;;;,,,,
;;;;;;;;;;;;;;;;;;;;;;;;;,,,,
;;;;;;;;;;;;;;;;;;;;;;;;;,,,,
;;;;;;;;;;;;;;;;;;;;;;;;;,,,,
;;;;;;;;;;;;;;;;;;;;;;;;;,,,,
;;;;;;;;;;;;;;;;;;;;;;;;;,,,,
;;;;;;;;;;;;;;;;;;;;;;;;;,,,,
;;;;;;;;;;;;;;;;;;;;;;;;;,,,,
;;;;;;;;;;;;;;;;;;;;;;;;;,,,,
;;;;;;;;;;;;;;;;;;;;;;;;;,,,,
;;;;;;;;;;;;;;;;;;;;;;;;;,,,,
;;;;;;;;;;;;;;;;;;;;;;;;;,,,,
;;;;;;;;;;;;;;;;;;;;;;;;;,,,,
;;;;;;;;;;;;;;;;;;;;;;;;;,,,,
;;;;;;;;;;;;;;;;;;;;;;;;;,,,,
;;;;;;;;;;;;;;;;;;;;;;;;;,,,,
;;;;;;;;;;;;;;;;;;;;;;;;;,,,,
;;;;;;;;;;;;;;;;;;;;;;;;;,,,,
;;;;;;;;;;;;;;;;;;;;;;;;;,,,,
;;;;;;;;;;;;;;;;;;;;;;;;;,,,,
;;;;;;;;;;;;;;;;;;;;;;;;;,,,,
;;;;;;;;;;;;;;;;;;;;;;;;;,,,,
;;;;;;;;;;;;;;;;;;;;;;;;;,,,,
;;;;;;;;;;;;;;;;;;;;;;;;;,,,,
;;;;;;;;;;;;;;;;;;;;;;;;;,,,,
;;;;;;;;;;;;;;;;;;;;;;;;;,,,,
;;;;;;;;;;;;;;;;;;;;;;;;;,,,,
;;;;;;;;;;;;;;;;;;;;;;;;;,,,,
;;;;;;;;;;;;;;;;;;;;;;;;;,,,,
;;;;;;;;;;;;;;;;;;;;;;;;;,,,,
;;;;;;;;;;;;;;;;;;;;;;;;;,,,,
;;;;;;;;;;;;;;;;;;;;;;;;;,,,,
;;;;;;;;;;;;;;;;;;;;;;;;;,,,,
;;;;;;;;;;;;;;;;;;;;;;;;;,,,,
;;;;;;;;;;;;;;;;;;;;;;;;;,,,,
;;;;;;;;;;;;;;;;;;;;;;;;;,,,,
;;;;;;;;;;;;;;;;;;;;;;;;;,,,,
;;;;;;;;;;;;;;;;;;;;;;;;;,,,,
;;;;;;;;;;;;;;;;;;;;;;;;;,,,,
;;;;;;;;;;;;;;;;;;;;;;;;;,,,,
;;;;;;;;;;;;;;;;;;;;;;;;;,,,,
;;;;;;;;;;;;;;;;;;;;;;;;;,,,,
;;;;;;;;;;;;;;;;;;;;;;;;;,,,,
;;;;;;;;;;;;;;;;;;;;;;;;;,,,,
;;;;;;;;;;;;;;;;;;;;;;;;;,,,,
;;;;;;;;;;;;;;;;;;;;;;;;;,,,,
;;;;;;;;;;;;;;;;;;;;;;;;;,,,,
;;;;;;;;;;;;;;;;;;;;;;;;;,,,,
;;;;;;;;;;;;;;;;;;;;;;;;;,,,,
;;;;;;;;;;;;;;;;;;;;;;;;;,,,,
;;;;;;;;;;;;;;;;;;;;;;;;;,,,,
;;;;;;;;;;;;;;;;;;;;;;;;;,,,,
;;;;;;;;;;;;;;;;;;;;;;;;;,,,,
;;;;;;;;;;;;;;;;;;;;;;;;;,,,,
;;;;;;;;;;;;;;;;;;;;;;;;;,,,,
;;;;;;;;;;;;;;;;;;;;;;;;;,,,,
;;;;;;;;;;;;;;;;;;;;;;;;;,,,,
;;;;;;;;;;;;;;;;;;;;;;;;;,,,,
;;;;;;;;;;;;;;;;;;;;;;;;;,,,,
;;;;;;;;;;;;;;;;;;;;;;;;;,,,,
;;;;;;;;;;;;;;;;;;;;;;;;;,,,,
;;;;;;;;;;;;;;;;;;;;;;;;;,,,,
;;;;;;;;;;;;;;;;;;;;;;;;;,,,,
;;;;;;;;;;;;;;;;;;;;;;;;;,,,,
;;;;;;;;;;;;;;;;;;;;;;;;;,,,,
;;;;;;;;;;;;;;;;;;;;;;;;;,,,,
;;;;;;;;;;;;;;;;;;;;;;;;;,,,,
;;;;;;;;;;;;;;;;;;;;;;;;;,,,,
;;;;;;;;;;;;;;;;;;;;;;;;;,,,,
;;;;;;;;;;;;;;;;;;;;;;;;;,,,,
;;;;;;;;;;;;;;;;;;;;;;;;;,,,,
;;;;;;;;;;;;;;;;;;;;;;;;;,,,,
;;;;;;;;;;;;;;;;;;;;;;;;;,,,,
;;;;;;;;;;;;;;;;;;;;;;;;;,,,,
;;;;;;;;;;;;;;;;;;;;;;;;;,,,,
;;;;;;;;;;;;;;;;;;;;;;;;;,,,,
;;;;;;;;;;;;;;;;;;;;;;;;;,,,,
;;;;;;;;;;;;;;;;;;;;;;;;;,,,,
;;;;;;;;;;;;;;;;;;;;;;;;;,,,,
;;;;;;;;;;;;;;;;;;;;;;;;;,,,,
;;;;;;;;;;;;;;;;;;;;;;;;;,,,,
;;;;;;;;;;;;;;;;;;;;;;;;;,,,,
;;;;;;;;;;;;;;;;;;;;;;;;;,,,,
;;;;;;;;;;;;;;;;;;;;;;;;;,,,,
;;;;;;;;;;;;;;;;;;;;;;;;;,,,,
;;;;;;;;;;;;;;;;;;;;;;;;;,,,,
;;;;;;;;;;;;;;;;;;;;;;;;;,,,,
;;;;;;;;;;;;;;;;;;;;;;;;;,,,,
;;;;;;;;;;;;;;;;;;;;;;;;;,,,,
;;;;;;;;;;;;;;;;;;;;;;;;;,,,,
;;;;;;;;;;;;;;;;;;;;;;;;;,,,,
;;;;;;;;;;;;;;;;;;;;;;;;;,,,,
;;;;;;;;;;;;;;;;;;;;;;;;;,,,,
;;;;;;;;;;;;;;;;;;;;;;;;;,,,,
;;;;;;;;;;;;;;;;;;;;;;;;;,,,,
;;;;;;;;;;;;;;;;;;;;;;;;;,,,,
;;;;;;;;;;;;;;;;;;;;;;;;;,,,,
;;;;;;;;;;;;;;;;;;;;;;;;;,,,,
;;;;;;;;;;;;;;;;;;;;;;;;;,,,,
;;;;;;;;;;;;;;;;;;;;;;;;;,,,,
;;;;;;;;;;;;;;;;;;;;;;;;;,,,,
;;;;;;;;;;;;;;;;;;;;;;;;;,,,,
;;;;;;;;;;;;;;;;;;;;;;;;;,,,,
;;;;;;;;;;;;;;;;;;;;;;;;;,,,,
;;;;;;;;;;;;;;;;;;;;;;;;;,,,,
;;;;;;;;;;;;;;;;;;;;;;;;;,,,,
;;;;;;;;;;;;;;;;;;;;;;;;;,,,,
;;;;;;;;;;;;;;;;;;;;;;;;;,,,,
;;;;;;;;;;;;;;;;;;;;;;;;;,,,,
;;;;;;;;;;;;;;;;;;;;;;;;;,,,,
;;;;;;;;;;;;;;;;;;;;;;;;;,,,,
;;;;;;;;;;;;;;;;;;;;;;;;;,,,,
;;;;;;;;;;;;;;;;;;;;;;;;;,,,,
;;;;;;;;;;;;;;;;;;;;;;;;;,,,,
;;;;;;;;;;;;;;;;;;;;;;;;;,,,,
;;;;;;;;;;;;;;;;;;;;;;;;;,,,,
;;;;;;;;;;;;;;;;;;;;;;;;;,,,,
;;;;;;;;;;;;;;;;;;;;;;;;;,,,,
;;;;;;;;;;;;;;;;;;;;;;;;;,,,,
;;;;;;;;;;;;;;;;;;;;;;;;;,,,,
;;;;;;;;;;;;;;;;;;;;;;;;;,,,,
;;;;;;;;;;;;;;;;;;;;;;;;;,,,,
;;;;;;;;;;;;;;;;;;;;;;;;;,,,,
;;;;;;;;;;;;;;;;;;;;;;;;;,,,,
;;;;;;;;;;;;;;;;;;;;;;;;;,,,,
;;;;;;;;;;;;;;;;;;;;;;;;;,,,,
;;;;;;;;;;;;;;;;;;;;;;;;;,,,,
;;;;;;;;;;;;;;;;;;;;;;;;;,,,,
;;;;;;;;;;;;;;;;;;;;;;;;;,,,,
;;;;;;;;;;;;;;;;;;;;;;;;;,,,,
;;;;;;;;;;;;;;;;;;;;;;;;;,,,,
;;;;;;;;;;;;;;;;;;;;;;;;;,,,,
;;;;;;;;;;;;;;;;;;;;;;;;;,,,,
;;;;;;;;;;;;;;;;;;;;;;;;;,,,,
;;;;;;;;;;;;;;;;;;;;;;;;;,,,,
;;;;;;;;;;;;;;;;;;;;;;;;;,,,,
;;;;;;;;;;;;;;;;;;;;;;;;;,,,,
;;;;;;;;;;;;;;;;;;;;;;;;;,,,,
;;;;;;;;;;;;;;;;;;;;;;;;;,,,,
;;;;;;;;;;;;;;;;;;;;;;;;;,,,,
;;;;;;;;;;;;;;;;;;;;;;;;;,,,,
;;;;;;;;;;;;;;;;;;;;;;;;;,,,,
;;;;;;;;;;;;;;;;;;;;;;;;;,,,,
;;;;;;;;;;;;;;;;;;;;;;;;;,,,,
;;;;;;;;;;;;;;;;;;;;;;;;;,,,,
;;;;;;;;;;;;;;;;;;;;;;;;;,,,,
;;;;;;;;;;;;;;;;;;;;;;;;;,,,,
;;;;;;;;;;;;;;;;;;;;;;;;;,,,,
;;;;;;;;;;;;;;;;;;;;;;;;;,,,,
;;;;;;;;;;;;;;;;;;;;;;;;;,,,,
;;;;;;;;;;;;;;;;;;;;;;;;;,,,,
;;;;;;;;;;;;;;;;;;;;;;;;;,,,,
;;;;;;;;;;;;;;;;;;;;;;;;;,,,,
;;;;;;;;;;;;;;;;;;;;;;;;;,,,,
;;;;;;;;;;;;;;;;;;;;;;;;;,,,,
;;;;;;;;;;;;;;;;;;;;;;;;;,,,,
;;;;;;;;;;;;;;;;;;;;;;;;;,,,,
;;;;;;;;;;;;;;;;;;;;;;;;;,,,,
;;;;;;;;;;;;;;;;;;;;;;;;;,,,,
;;;;;;;;;;;;;;;;;;;;;;;;;,,,,
;;;;;;;;;;;;;;;;;;;;;;;;;,,,,
;;;;;;;;;;;;;;;;;;;;;;;;;,,,,
;;;;;;;;;;;;;;;;;;;;;;;;;,,,,
;;;;;;;;;;;;;;;;;;;;;;;;;,,,,
;;;;;;;;;;;;;;;;;;;;;;;;;,,,,
;;;;;;;;;;;;;;;;;;;;;;;;;,,,,
;;;;;;;;;;;;;;;;;;;;;;;;;,,,,
;;;;;;;;;;;;;;;;;;;;;;;;;,,,,
;;;;;;;;;;;;;;;;;;;;;;;;;,,,,
;;;;;;;;;;;;;;;;;;;;;;;;;,,,,
;;;;;;;;;;;;;;;;;;;;;;;;;,,,,
;;;;;;;;;;;;;;;;;;;;;;;;;,,,,
;;;;;;;;;;;;;;;;;;;;;;;;;,,,,
;;;;;;;;;;;;;;;;;;;;;;;;;,,,,
;;;;;;;;;;;;;;;;;;;;;;;;;,,,,
;;;;;;;;;;;;;;;;;;;;;;;;;,,,,
;;;;;;;;;;;;;;;;;;;;;;;;;,,,,
;;;;;;;;;;;;;;;;;;;;;;;;;,,,,
;;;;;;;;;;;;;;;;;;;;;;;;;,,,,
;;;;;;;;;;;;;;;;;;;;;;;;;,,,,
;;;;;;;;;;;;;;;;;;;;;;;;;,,,,
;;;;;;;;;;;;;;;;;;;;;;;;;,,,,
;;;;;;;;;;;;;;;;;;;;;;;;;,,,,
;;;;;;;;;;;;;;;;;;;;;;;;;,,,,
;;;;;;;;;;;;;;;;;;;;;;;;;,,,,
;;;;;;;;;;;;;;;;;;;;;;;;;,,,,
;;;;;;;;;;;;;;;;;;;;;;;;;,,,,
;;;;;;;;;;;;;;;;;;;;;;;;;,,,,
;;;;;;;;;;;;;;;;;;;;;;;;;,,,,
;;;;;;;;;;;;;;;;;;;;;;;;;,,,,
;;;;;;;;;;;;;;;;;;;;;;;;;,,,,
;;;;;;;;;;;;;;;;;;;;;;;;;,,,,
;;;;;;;;;;;;;;;;;;;;;;;;;,,,,
;;;;;;;;;;;;;;;;;;;;;;;;;,,,,
;;;;;;;;;;;;;;;;;;;;;;;;;,,,,
;;;;;;;;;;;;;;;;;;;;;;;;;,,,,
;;;;;;;;;;;;;;;;;;;;;;;;;,,,,
;;;;;;;;;;;;;;;;;;;;;;;;;,,,,
;;;;;;;;;;;;;;;;;;;;;;;;;,,,,
;;;;;;;;;;;;;;;;;;;;;;;;;,,,,
;;;;;;;;;;;;;;;;;;;;;;;;;,,,,
;;;;;;;;;;;;;;;;;;;;;;;;;,,,,
;;;;;;;;;;;;;;;;;;;;;;;;;,,,,
;;;;;;;;;;;;;;;;;;;;;;;;;,,,,
;;;;;;;;;;;;;;;;;;;;;;;;;,,,,
;;;;;;;;;;;;;;;;;;;;;;;;;,,,,
;;;;;;;;;;;;;;;;;;;;;;;;;,,,,
;;;;;;;;;;;;;;;;;;;;;;;;;,,,,
;;;;;;;;;;;;;;;;;;;;;;;;;,,,,
;;;;;;;;;;;;;;;;;;;;;;;;;,,,,
;;;;;;;;;;;;;;;;;;;;;;;;;,,,,
;;;;;;;;;;;;;;;;;;;;;;;;;,,,,
;;;;;;;;;;;;;;;;;;;;;;;;;,,,,
;;;;;;;;;;;;;;;;;;;;;;;;;,,,,
;;;;;;;;;;;;;;;;;;;;;;;;;,,,,
;;;;;;;;;;;;;;;;;;;;;;;;;,,,,
;;;;;;;;;;;;;;;;;;;;;;;;;,,,,
;;;;;;;;;;;;;;;;;;;;;;;;;,,,,
;;;;;;;;;;;;;;;;;;;;;;;;;,,,,
;;;;;;;;;;;;;;;;;;;;;;;;;,,,,
;;;;;;;;;;;;;;;;;;;;;;;;;,,,,
;;;;;;;;;;;;;;;;;;;;;;;;;,,,,
;;;;;;;;;;;;;;;;;;;;;;;;;,,,,
;;;;;;;;;;;;;;;;;;;;;;;;;,,,,
;;;;;;;;;;;;;;;;;;;;;;;;;,,,,
;;;;;;;;;;;;;;;;;;;;;;;;;,,,,
;;;;;;;;;;;;;;;;;;;;;;;;;,,,,
;;;;;;;;;;;;;;;;;;;;;;;;;,,,,
;;;;;;;;;;;;;;;;;;;;;;;;;,,,,
;;;;;;;;;;;;;;;;;;;;;;;;;,,,,
;;;;;;;;;;;;;;;;;;;;;;;;;,,,,
;;;;;;;;;;;;;;;;;;;;;;;;;,,,,
;;;;;;;;;;;;;;;;;;;;;;;;;,,,,
;;;;;;;;;;;;;;;;;;;;;;;;;,,,,
;;;;;;;;;;;;;;;;;;;;;;;;;,,,,
;;;;;;;;;;;;;;;;;;;;;;;;;,,,,
;;;;;;;;;;;;;;;;;;;;;;;;;,,,,
;;;;;;;;;;;;;;;;;;;;;;;;;,,,,
;;;;;;;;;;;;;;;;;;;;;;;;;,,,,
;;;;;;;;;;;;;;;;;;;;;;;;;,,,,
;;;;;;;;;;;;;;;;;;;;;;;;;,,,,
;;;;;;;;;;;;;;;;;;;;;;;;;,,,,
;;;;;;;;;;;;;;;;;;;;;;;;;,,,,
;;;;;;;;;;;;;;;;;;;;;;;;;,,,,
;;;;;;;;;;;;;;;;;;;;;;;;;,,,,
;;;;;;;;;;;;;;;;;;;;;;;;;,,,,
;;;;;;;;;;;;;;;;;;;;;;;;;,,,,
;;;;;;;;;;;;;;;;;;;;;;;;;,,,,
;;;;;;;;;;;;;;;;;;;;;;;;;,,,,
;;;;;;;;;;;;;;;;;;;;;;;;;,,,,
;;;;;;;;;;;;;;;;;;;;;;;;;,,,,
;;;;;;;;;;;;;;;;;;;;;;;;;,,,,
;;;;;;;;;;;;;;;;;;;;;;;;;,,,,
;;;;;;;;;;;;;;;;;;;;;;;;;,,,,
;;;;;;;;;;;;;;;;;;;;;;;;;,,,,
;;;;;;;;;;;;;;;;;;;;;;;;;,,,,
;;;;;;;;;;;;;;;;;;;;;;;;;,,,,
;;;;;;;;;;;;;;;;;;;;;;;;;,,,,
;;;;;;;;;;;;;;;;;;;;;;;;;,,,,
;;;;;;;;;;;;;;;;;;;;;;;;;,,,,
;;;;;;;;;;;;;;;;;;;;;;;;;,,,,
;;;;;;;;;;;;;;;;;;;;;;;;;,,,,
;;;;;;;;;;;;;;;;;;;;;;;;;,,,,
;;;;;;;;;;;;;;;;;;;;;;;;;,,,,
;;;;;;;;;;;;;;;;;;;;;;;;;,,,,
;;;;;;;;;;;;;;;;;;;;;;;;;,,,,
;;;;;;;;;;;;;;;;;;;;;;;;;,,,,
;;;;;;;;;;;;;;;;;;;;;;;;;,,,,
;;;;;;;;;;;;;;;;;;;;;;;;;,,,,
;;;;;;;;;;;;;;;;;;;;;;;;;,,,,
;;;;;;;;;;;;;;;;;;;;;;;;;,,,,
;;;;;;;;;;;;;;;;;;;;;;;;;,,,,
;;;;;;;;;;;;;;;;;;;;;;;;;,,,,
;;;;;;;;;;;;;;;;;;;;;;;;;,,,,
;;;;;;;;;;;;;;;;;;;;;;;;;,,,,
;;;;;;;;;;;;;;;;;;;;;;;;;,,,,
;;;;;;;;;;;;;;;;;;;;;;;;;,,,,
;;;;;;;;;;;;;;;;;;;;;;;;;,,,,
;;;;;;;;;;;;;;;;;;;;;;;;;,,,,
;;;;;;;;;;;;;;;;;;;;;;;;;,,,,
;;;;;;;;;;;;;;;;;;;;;;;;;,,,,
;;;;;;;;;;;;;;;;;;;;;;;;;,,,,
;;;;;;;;;;;;;;;;;;;;;;;;;,,,,
;;;;;;;;;;;;;;;;;;;;;;;;;,,,,
;;;;;;;;;;;;;;;;;;;;;;;;;,,,,
;;;;;;;;;;;;;;;;;;;;;;;;;,,,,
;;;;;;;;;;;;;;;;;;;;;;;;;,,,,
;;;;;;;;;;;;;;;;;;;;;;;;;,,,,
;;;;;;;;;;;;;;;;;;;;;;;;;,,,,
;;;;;;;;;;;;;;;;;;;;;;;;;,,,,
;;;;;;;;;;;;;;;;;;;;;;;;;,,,,
;;;;;;;;;;;;;;;;;;;;;;;;;,,,,
;;;;;;;;;;;;;;;;;;;;;;;;;,,,,
;;;;;;;;;;;;;;;;;;;;;;;;;,,,,
;;;;;;;;;;;;;;;;;;;;;;;;;,,,,
;;;;;;;;;;;;;;;;;;;;;;;;;,,,,
;;;;;;;;;;;;;;;;;;;;;;;;;,,,,
;;;;;;;;;;;;;;;;;;;;;;;;;,,,,
;;;;;;;;;;;;;;;;;;;;;;;;;,,,,
;;;;;;;;;;;;;;;;;;;;;;;;;,,,,
;;;;;;;;;;;;;;;;;;;;;;;;;,,,,
;;;;;;;;;;;;;;;;;;;;;;;;;,,,,
;;;;;;;;;;;;;;;;;;;;;;;;;,,,,
;;;;;;;;;;;;;;;;;;;;;;;;;,,,,
;;;;;;;;;;;;;;;;;;;;;;;;;,,,,
;;;;;;;;;;;;;;;;;;;;;;;;;,,,,
;;;;;;;;;;;;;;;;;;;;;;;;;,,,,
;;;;;;;;;;;;;;;;;;;;;;;;;,,,,
;;;;;;;;;;;;;;;;;;;;;;;;;,,,,
;;;;;;;;;;;;;;;;;;;;;;;;;,,,,
;;;;;;;;;;;;;;;;;;;;;;;;;,,,,
;;;;;;;;;;;;;;;;;;;;;;;;;,,,,
;;;;;;;;;;;;;;;;;;;;;;;;;,,,,
;;;;;;;;;;;;;;;;;;;;;;;;;,,,,
;;;;;;;;;;;;;;;;;;;;;;;;;,,,,
;;;;;;;;;;;;;;;;;;;;;;;;;,,,,
;;;;;;;;;;;;;;;;;;;;;;;;;,,,,
;;;;;;;;;;;;;;;;;;;;;;;;;,,,,
;;;;;;;;;;;;;;;;;;;;;;;;;,,,,
;;;;;;;;;;;;;;;;;;;;;;;;;,,,,
;;;;;;;;;;;;;;;;;;;;;;;;;,,,,
;;;;;;;;;;;;;;;;;;;;;;;;;,,,,
;;;;;;;;;;;;;;;;;;;;;;;;;,,,,
;;;;;;;;;;;;;;;;;;;;;;;;;,,,,
;;;;;;;;;;;;;;;;;;;;;;;;;,,,,
;;;;;;;;;;;;;;;;;;;;;;;;;,,,,
;;;;;;;;;;;;;;;;;;;;;;;;;,,,,
;;;;;;;;;;;;;;;;;;;;;;;;;,,,,
;;;;;;;;;;;;;;;;;;;;;;;;;,,,,
;;;;;;;;;;;;;;;;;;;;;;;;;,,,,
;;;;;;;;;;;;;;;;;;;;;;;;;,,,,
;;;;;;;;;;;;;;;;;;;;;;;;;,,,,
;;;;;;;;;;;;;;;;;;;;;;;;;,,,,
;;;;;;;;;;;;;;;;;;;;;;;;;,,,,
;;;;;;;;;;;;;;;;;;;;;;;;;,,,,
;;;;;;;;;;;;;;;;;;;;;;;;;,,,,
;;;;;;;;;;;;;;;;;;;;;;;;;,,,,
;;;;;;;;;;;;;;;;;;;;;;;;;,,,,
;;;;;;;;;;;;;;;;;;;;;;;;;,,,,
;;;;;;;;;;;;;;;;;;;;;;;;;,,,,
;;;;;;;;;;;;;;;;;;;;;;;;;,,,,
;;;;;;;;;;;;;;;;;;;;;;;;;,,,,
;;;;;;;;;;;;;;;;;;;;;;;;;,,,,
;;;;;;;;;;;;;;;;;;;;;;;;;,,,,
;;;;;;;;;;;;;;;;;;;;;;;;;,,,,
;;;;;;;;;;;;;;;;;;;;;;;;;,,,,
;;;;;;;;;;;;;;;;;;;;;;;;;,,,,
;;;;;;;;;;;;;;;;;;;;;;;;;,,,,
;;;;;;;;;;;;;;;;;;;;;;;;;,,,,
;;;;;;;;;;;;;;;;;;;;;;;;;,,,,
;;;;;;;;;;;;;;;;;;;;;;;;;,,,,
;;;;;;;;;;;;;;;;;;;;;;;;;,,,,
;;;;;;;;;;;;;;;;;;;;;;;;;,,,,
;;;;;;;;;;;;;;;;;;;;;;;;;,,,,
;;;;;;;;;;;;;;;;;;;;;;;;;,,,,
;;;;;;;;;;;;;;;;;;;;;;;;;,,,,
;;;;;;;;;;;;;;;;;;;;;;;;;,,,,
;;;;;;;;;;;;;;;;;;;;;;;;;,,,,
;;;;;;;;;;;;;;;;;;;;;;;;;,,,,
;;;;;;;;;;;;;;;;;;;;;;;;;,,,,
;;;;;;;;;;;;;;;;;;;;;;;;;,,,,
;;;;;;;;;;;;;;;;;;;;;;;;;,,,,
;;;;;;;;;;;;;;;;;;;;;;;;;,,,,
;;;;;;;;;;;;;;;;;;;;;;;;;,,,,
;;;;;;;;;;;;;;;;;;;;;;;;;,,,,
;;;;;;;;;;;;;;;;;;;;;;;;;,,,,
;;;;;;;;;;;;;;;;;;;;;;;;;,,,,
;;;;;;;;;;;;;;;;;;;;;;;;;,,,,
;;;;;;;;;;;;;;;;;;;;;;;;;,,,,
;;;;;;;;;;;;;;;;;;;;;;;;;,,,,
;;;;;;;;;;;;;;;;;;;;;;;;;,,,,
;;;;;;;;;;;;;;;;;;;;;;;;;,,,,
;;;;;;;;;;;;;;;;;;;;;;;;;,,,,
;;;;;;;;;;;;;;;;;;;;;;;;;,,,,
;;;;;;;;;;;;;;;;;;;;;;;;;,,,,
;;;;;;;;;;;;;;;;;;;;;;;;;,,,,
;;;;;;;;;;;;;;;;;;;;;;;;;,,,,
;;;;;;;;;;;;;;;;;;;;;;;;;,,,,
;;;;;;;;;;;;;;;;;;;;;;;;;,,,,
;;;;;;;;;;;;;;;;;;;;;;;;;,,,,
;;;;;;;;;;;;;;;;;;;;;;;;;,,,,
;;;;;;;;;;;;;;;;;;;;;;;;;,,,,
;;;;;;;;;;;;;;;;;;;;;;;;;,,,,
;;;;;;;;;;;;;;;;;;;;;;;;;,,,,
;;;;;;;;;;;;;;;;;;;;;;;;;,,,,
;;;;;;;;;;;;;;;;;;;;;;;;;,,,,
;;;;;;;;;;;;;;;;;;;;;;;;;,,,,
;;;;;;;;;;;;;;;;;;;;;;;;;,,,,
;;;;;;;;;;;;;;;;;;;;;;;;;,,,,
;;;;;;;;;;;;;;;;;;;;;;;;;,,,,
;;;;;;;;;;;;;;;;;;;;;;;;;,,,,
;;;;;;;;;;;;;;;;;;;;;;;;;,,,,
;;;;;;;;;;;;;;;;;;;;;;;;;,,,,
;;;;;;;;;;;;;;;;;;;;;;;;;,,,,
;;;;;;;;;;;;;;;;;;;;;;;;;,,,,
;;;;;;;;;;;;;;;;;;;;;;;;;,,,,
;;;;;;;;;;;;;;;;;;;;;;;;;,,,,
;;;;;;;;;;;;;;;;;;;;;;;;;,,,,
;;;;;;;;;;;;;;;;;;;;;;;;;,,,,
;;;;;;;;;;;;;;;;;;;;;;;;;,,,,
;;;;;;;;;;;;;;;;;;;;;;;;;,,,,
;;;;;;;;;;;;;;;;;;;;;;;;;,,,,
;;;;;;;;;;;;;;;;;;;;;;;;;,,,,
;;;;;;;;;;;;;;;;;;;;;;;;;,,,,
;;;;;;;;;;;;;;;;;;;;;;;;;,,,,
;;;;;;;;;;;;;;;;;;;;;;;;;,,,,
;;;;;;;;;;;;;;;;;;;;;;;;;,,,,
;;;;;;;;;;;;;;;;;;;;;;;;;,,,,
;;;;;;;;;;;;;;;;;;;;;;;;;,,,,
;;;;;;;;;;;;;;;;;;;;;;;;;,,,,
;;;;;;;;;;;;;;;;;;;;;;;;;,,,,
;;;;;;;;;;;;;;;;;;;;;;;;;,,,,
;;;;;;;;;;;;;;;;;;;;;;;;;,,,,
;;;;;;;;;;;;;;;;;;;;;;;;;,,,,
;;;;;;;;;;;;;;;;;;;;;;;;;,,,,
;;;;;;;;;;;;;;;;;;;;;;;;;,,,,
;;;;;;;;;;;;;;;;;;;;;;;;;,,,,
;;;;;;;;;;;;;;;;;;;;;;;;;,,,,
;;;;;;;;;;;;;;;;;;;;;;;;;,,,,
;;;;;;;;;;;;;;;;;;;;;;;;;,,,,
;;;;;;;;;;;;;;;;;;;;;;;;;,,,,
;;;;;;;;;;;;;;;;;;;;;;;;;,,,,
;;;;;;;;;;;;;;;;;;;;;;;;;,,,,
;;;;;;;;;;;;;;;;;;;;;;;;;,,,,
;;;;;;;;;;;;;;;;;;;;;;;;;,,,,
;;;;;;;;;;;;;;;;;;;;;;;;;,,,,
;;;;;;;;;;;;;;;;;;;;;;;;;,,,,
;;;;;;;;;;;;;;;;;;;;;;;;;,,,,
;;;;;;;;;;;;;;;;;;;;;;;;;,,,,
;;;;;;;;;;;;;;;;;;;;;;;;;,,,,
;;;;;;;;;;;;;;;;;;;;;;;;;,,,,
;;;;;;;;;;;;;;;;;;;;;;;;;,,,,
;;;;;;;;;;;;;;;;;;;;;;;;;,,,,
;;;;;;;;;;;;;;;;;;;;;;;;;,,,,
;;;;;;;;;;;;;;;;;;;;;;;;;,,,,
;;;;;;;;;;;;;;;;;;;;;;;;;,,,,
;;;;;;;;;;;;;;;;;;;;;;;;;,,,,
;;;;;;;;;;;;;;;;;;;;;;;;;,,,,
;;;;;;;;;;;;;;;;;;;;;;;;;,,,,
;;;;;;;;;;;;;;;;;;;;;;;;;,,,,
;;;;;;;;;;;;;;;;;;;;;;;;;,,,,
;;;;;;;;;;;;;;;;;;;;;;;;;,,,,
;;;;;;;;;;;;;;;;;;;;;;;;;,,,,
;;;;;;;;;;;;;;;;;;;;;;;;;,,,,
;;;;;;;;;;;;;;;;;;;;;;;;;,,,,
;;;;;;;;;;;;;;;;;;;;;;;;;,,,,
;;;;;;;;;;;;;;;;;;;;;;;;;,,,,
;;;;;;;;;;;;;;;;;;;;;;;;;,,,,
;;;;;;;;;;;;;;;;;;;;;;;;;,,,,
;;;;;;;;;;;;;;;;;;;;;;;;;,,,,
;;;;;;;;;;;;;;;;;;;;;;;;;,,,,
;;;;;;;;;;;;;;;;;;;;;;;;;,,,,
;;;;;;;;;;;;;;;;;;;;;;;;;,,,,
;;;;;;;;;;;;;;;;;;;;;;;;;,,,,
;;;;;;;;;;;;;;;;;;;;;;;;;,,,,
;;;;;;;;;;;;;;;;;;;;;;;;;,,,,
;;;;;;;;;;;;;;;;;;;;;;;;;,,,,
;;;;;;;;;;;;;;;;;;;;;;;;;,,,,
;;;;;;;;;;;;;;;;;;;;;;;;;,,,,
;;;;;;;;;;;;;;;;;;;;;;;;;,,,,
;;;;;;;;;;;;;;;;;;;;;;;;;,,,,
;;;;;;;;;;;;;;;;;;;;;;;;;,,,,
;;;;;;;;;;;;;;;;;;;;;;;;;,,,,
;;;;;;;;;;;;;;;;;;;;;;;;;,,,,
;;;;;;;;;;;;;;;;;;;;;;;;;,,,,
;;;;;;;;;;;;;;;;;;;;;;;;;,,,,
;;;;;;;;;;;;;;;;;;;;;;;;;,,,,
;;;;;;;;;;;;;;;;;;;;;;;;;,,,,
;;;;;;;;;;;;;;;;;;;;;;;;;,,,,
;;;;;;;;;;;;;;;;;;;;;;;;;,,,,
;;;;;;;;;;;;;;;;;;;;;;;;;,,,,
;;;;;;;;;;;;;;;;;;;;;;;;;,,,,
;;;;;;;;;;;;;;;;;;;;;;;;;,,,,
;;;;;;;;;;;;;;;;;;;;;;;;;,,,,
;;;;;;;;;;;;;;;;;;;;;;;;;,,,,
;;;;;;;;;;;;;;;;;;;;;;;;;,,,,
;;;;;;;;;;;;;;;;;;;;;;;;;,,,,
;;;;;;;;;;;;;;;;;;;;;;;;;,,,,
;;;;;;;;;;;;;;;;;;;;;;;;;,,,,
;;;;;;;;;;;;;;;;;;;;;;;;;,,,,
;;;;;;;;;;;;;;;;;;;;;;;;;,,,,
;;;;;;;;;;;;;;;;;;;;;;;;;,,,,
;;;;;;;;;;;;;;;;;;;;;;;;;,,,,
;;;;;;;;;;;;;;;;;;;;;;;;;,,,,
;;;;;;;;;;;;;;;;;;;;;;;;;,,,,
;;;;;;;;;;;;;;;;;;;;;;;;;,,,,
;;;;;;;;;;;;;;;;;;;;;;;;;,,,,
;;;;;;;;;;;;;;;;;;;;;;;;;,,,,
;;;;;;;;;;;;;;;;;;;;;;;;;,,,,
;;;;;;;;;;;;;;;;;;;;;;;;;,,,,
;;;;;;;;;;;;;;;;;;;;;;;;;,,,,
;;;;;;;;;;;;;;;;;;;;;;;;;,,,,
;;;;;;;;;;;;;;;;;;;;;;;;;,,,,
;;;;;;;;;;;;;;;;;;;;;;;;;,,,,
;;;;;;;;;;;;;;;;;;;;;;;;;,,,,
;;;;;;;;;;;;;;;;;;;;;;;;;,,,,
;;;;;;;;;;;;;;;;;;;;;;;;;,,,,
;;;;;;;;;;;;;;;;;;;;;;;;;,,,,
;;;;;;;;;;;;;;;;;;;;;;;;;,,,,
;;;;;;;;;;;;;;;;;;;;;;;;;,,,,
;;;;;;;;;;;;;;;;;;;;;;;;;,,,,
;;;;;;;;;;;;;;;;;;;;;;;;;,,,,
;;;;;;;;;;;;;;;;;;;;;;;;;,,,,
;;;;;;;;;;;;;;;;;;;;;;;;;,,,,
;;;;;;;;;;;;;;;;;;;;;;;;;,,,,
;;;;;;;;;;;;;;;;;;;;;;;;;,,,,
;;;;;;;;;;;;;;;;;;;;;;;;;,,,,
;;;;;;;;;;;;;;;;;;;;;;;;;,,,,
;;;;;;;;;;;;;;;;;;;;;;;;;,,,,
;;;;;;;;;;;;;;;;;;;;;;;;;,,,,
;;;;;;;;;;;;;;;;;;;;;;;;;,,,,
;;;;;;;;;;;;;;;;;;;;;;;;;,,,,
;;;;;;;;;;;;;;;;;;;;;;;;;,,,,
;;;;;;;;;;;;;;;;;;;;;;;;;,,,,
;;;;;;;;;;;;;;;;;;;;;;;;;,,,,
;;;;;;;;;;;;;;;;;;;;;;;;;,,,,
;;;;;;;;;;;;;;;;;;;;;;;;;,,,,
;;;;;;;;;;;;;;;;;;;;;;;;;,,,,
;;;;;;;;;;;;;;;;;;;;;;;;;,,,,
;;;;;;;;;;;;;;;;;;;;;;;;;,,,,
;;;;;;;;;;;;;;;;;;;;;;;;;,,,,
;;;;;;;;;;;;;;;;;;;;;;;;;,,,,
;;;;;;;;;;;;;;;;;;;;;;;;;,,,,
;;;;;;;;;;;;;;;;;;;;;;;;;,,,,
;;;;;;;;;;;;;;;;;;;;;;;;;,,,,
;;;;;;;;;;;;;;;;;;;;;;;;;,,,,
;;;;;;;;;;;;;;;;;;;;;;;;;,,,,
;;;;;;;;;;;;;;;;;;;;;;;;;,,,,
;;;;;;;;;;;;;;;;;;;;;;;;;,,,,
;;;;;;;;;;;;;;;;;;;;;;;;;,,,,
;;;;;;;;;;;;;;;;;;;;;;;;;,,,,
;;;;;;;;;;;;;;;;;;;;;;;;;,,,,
;;;;;;;;;;;;;;;;;;;;;;;;;,,,,
;;;;;;;;;;;;;;;;;;;;;;;;;,,,,
;;;;;;;;;;;;;;;;;;;;;;;;;,,,,
